Event,Country
Men,Belgium
Men,People's Republic of China
Women,People's Republic of China
Women,France
Women,Italy
Men,Japan
Women,Japan
Men,Latvia
Women,Mongolia
Men,Netherlands
Men,Poland
Men,ROC
Women,ROC
Women,Romania
Men,Serbia
Women,United States of America
Men's Team,Australia
Mixed Team,Australia
Mixed Team,Bangladesh
Women's Team,Belarus
Mixed Team,Brazil
Mixed Team,Canada
Men's Team,People's Republic of China
Mixed Team,People's Republic of China
Women's Team,People's Republic of China
Men's Team,Chinese Taipei
Mixed Team,Chinese Taipei
Women's Team,Chinese Taipei
Mixed Team,Colombia
Mixed Team,Egypt
Men's Team,France
Mixed Team,France
Mixed Team,Germany
Women's Team,Germany
Men's Team,Great Britain
Mixed Team,Great Britain
Women's Team,Great Britain
Men's Team,India
Mixed Team,India
Men's Team,Indonesia
Mixed Team,Indonesia
Mixed Team,Italy
Women's Team,Italy
Men's Team,Japan
Mixed Team,Japan
Women's Team,Japan
Men's Team,Kazakhstan
Mixed Team,Malaysia
Mixed Team,Mexico
Women's Team,Mexico
Mixed Team,Mongolia
Men's Team,Netherlands
Mixed Team,Netherlands
Mixed Team,Poland
Mixed Team,Republic of Moldova
Men's Team,Republic of Korea
Mixed Team,Republic of Korea
Women's Team,Republic of Korea
Mixed Team,ROC
Women's Team,ROC
Mixed Team,Spain
Mixed Team,Tunisia
Mixed Team,Turkey
Mixed Team,Ukraine
Women's Team,Ukraine
Men's Team,United States of America
Mixed Team,United States of America
Women's Team,United States of America
Mixed Team,Vietnam
Women's Team,Belgium
Men's Team,Brazil
Women's Team,Canada
Men's Team,People's Republic of China
Women's Team,People's Republic of China
Men's Team,Chinese Taipei
Women's Team,France
Men's Team,Germany
Women's Team,Germany
Men's Team,Great Britain
Women's Team,Great Britain
Women's Team,Italy
Men's Team,Japan
Women's Team,Japan
Women's Team,Netherlands
Men's Team,Republic of Korea
Men's Team,ROC
Women's Team,ROC
Men's Team,Spain
Women's Team,Spain
Men's Team,Switzerland
Men's Team,Ukraine
Men's Team,United States of America
Women's Team,United States of America
Duet,Australia
Team,Australia
Duet,Austria
Duet,Belarus
Duet,Canada
Team,Canada
Duet,People's Republic of China
Team,People's Republic of China
Duet,Colombia
Duet,Egypt
Team,Egypt
Duet,France
Duet,Great Britain
Duet,Greece
Team,Greece
Duet,Israel
Duet,Italy
Team,Italy
Duet,Japan
Team,Japan
Duet,Kazakhstan
Duet,Liechtenstein
Duet,Mexico
Duet,Netherlands
Duet,ROC
Team,ROC
Duet,South Africa
Duet,Spain
Team,Spain
Duet,Ukraine
Team,Ukraine
Duet,United States of America
Women's 4 x 400m Relay,Australia
Women's 4 x 400m Relay,Bahamas
Women's 4 x 400m Relay,Belarus
4 x 400m Relay Mixed,Belgium
Men's 4 x 400m Relay,Belgium
Women's 4 x 400m Relay,Belgium
Men's 4 x 400m Relay,Botswana
4 x 400m Relay Mixed,Brazil
Men's 4 x 100m Relay,Brazil
Women's 4 x 100m Relay,Brazil
Men's 4 x 100m Relay,Canada
Women's 4 x 400m Relay,Canada
Men's 4 x 100m Relay,People's Republic of China
Women's 4 x 100m Relay,People's Republic of China
Men's 4 x 400m Relay,Colombia
Women's 4 x 400m Relay,Cuba
Men's 4 x 400m Relay,Czech Republic
Men's 4 x 100m Relay,Denmark
Women's 4 x 100m Relay,Denmark
4 x 400m Relay Mixed,Dominican Republic
Women's 4 x 100m Relay,Ecuador
Men's 4 x 100m Relay,France
Men's 4 x 400m Relay,France
Women's 4 x 100m Relay,France
Women's 4 x 400m Relay,France
4 x 400m Relay Mixed,Germany
Men's 4 x 100m Relay,Germany
Men's 4 x 400m Relay,Germany
Women's 4 x 100m Relay,Germany
Women's 4 x 400m Relay,Germany
Men's 4 x 100m Relay,Ghana
4 x 400m Relay Mixed,Great Britain
Men's 4 x 100m Relay,Great Britain
Men's 4 x 400m Relay,Great Britain
Women's 4 x 100m Relay,Great Britain
Women's 4 x 400m Relay,Great Britain
4 x 400m Relay Mixed,India
Men's 4 x 400m Relay,India
4 x 400m Relay Mixed,Ireland
4 x 400m Relay Mixed,Italy
Men's 4 x 100m Relay,Italy
Men's 4 x 400m Relay,Italy
Women's 4 x 100m Relay,Italy
Women's 4 x 400m Relay,Italy
4 x 400m Relay Mixed,Jamaica
Men's 4 x 100m Relay,Jamaica
Men's 4 x 400m Relay,Jamaica
Women's 4 x 100m Relay,Jamaica
Women's 4 x 400m Relay,Jamaica
Men's 4 x 100m Relay,Japan
Men's 4 x 400m Relay,Japan
Women's 4 x 100m Relay,Japan
4 x 400m Relay Mixed,Netherlands
Men's 4 x 100m Relay,Netherlands
Men's 4 x 400m Relay,Netherlands
Women's 4 x 100m Relay,Netherlands
Women's 4 x 400m Relay,Netherlands
4 x 400m Relay Mixed,Nigeria
Women's 4 x 100m Relay,Nigeria
4 x 400m Relay Mixed,Poland
Men's 4 x 400m Relay,Poland
Women's 4 x 100m Relay,Poland
Women's 4 x 400m Relay,Poland
Men's 4 x 100m Relay,South Africa
Men's 4 x 400m Relay,South Africa
4 x 400m Relay Mixed,Spain
Women's 4 x 100m Relay,Switzerland
Women's 4 x 400m Relay,Switzerland
Men's 4 x 100m Relay,Trinidad and Tobago
Men's 4 x 400m Relay,Trinidad and Tobago
Women's 4 x 100m Relay,Trinidad and Tobago
Men's 4 x 100m Relay,Turkey
4 x 400m Relay Mixed,Ukraine
Women's 4 x 400m Relay,Ukraine
4 x 400m Relay Mixed,United States of America
Men's 4 x 100m Relay,United States of America
Men's 4 x 400m Relay,United States of America
Women's 4 x 100m Relay,United States of America
Women's 4 x 400m Relay,United States of America
Softball,Australia
Softball,Canada
Baseball,Dominican Republic
Baseball,Israel
Softball,Italy
Baseball,Japan
Softball,Japan
Baseball,Mexico
Softball,Mexico
Baseball,Republic of Korea
Baseball,United States of America
Softball,United States of America
Men,Argentina
Men,Australia
Women,Australia
Women,Belgium
Women,Canada
Women,People's Republic of China
Men,Czech Republic
Men,France
Women,France
Men,Germany
Men,Islamic Republic of Iran
Men,Italy
Men,Japan
Women,Japan
Men,Nigeria
Women,Nigeria
Women,Puerto Rico
Women,Republic of Korea
Women,Serbia
Men,Slovenia
Men,Spain
Women,Spain
Men,United States of America
Women,United States of America
Men,Argentina
Women,Argentina
Men,Australia
Women,Australia
Men,Brazil
Men,Brazil
Women,Brazil
Women,Brazil
Women,Canada
Women,Canada
Men,Chile
Women,People's Republic of China
Women,People's Republic of China
Women,Cuba
Men,Czech Republic
Women,Czech Republic
Men,Germany
Women,Germany
Women,Germany
Men,Italy
Men,Italy
Women,Italy
Men,Japan
Women,Japan
Women,Kenya
Men,Latvia
Women,Latvia
Men,Mexico
Men,Morocco
Men,Netherlands
Women,Netherlands
Women,Netherlands
Men,Norway
Men,Poland
Men,Poland
Men,Qatar
Men,ROC
Men,ROC
Women,ROC
Men,Spain
Women,Spain
Men,Switzerland
Women,Switzerland
Women,Switzerland
Men,United States of America
Men,United States of America
Women,United States of America
Women,United States of America
Men's Madison,Australia
Men's Team Pursuit,Australia
Men's Team Sprint,Australia
Women's Madison,Australia
Women's Team Pursuit,Australia
Men's Madison,Austria
Men's Madison,Belgium
Women's Madison,Belgium
Men's Madison,Canada
Men's Team Pursuit,Canada
Women's Madison,Canada
Women's Team Pursuit,Canada
Women's Team Sprint,People's Republic of China
Men's Madison,Denmark
Men's Team Pursuit,Denmark
Women's Madison,Denmark
Men's Madison,France
Men's Team Sprint,France
Women's Madison,France
Women's Team Pursuit,France
Men's Madison,Germany
Men's Team Pursuit,Germany
Men's Team Sprint,Germany
Women's Madison,Germany
Women's Team Pursuit,Germany
Women's Team Sprint,Germany
Men's Madison,Great Britain
Men's Team Pursuit,Great Britain
Men's Team Sprint,Great Britain
Women's Madison,Great Britain
Women's Team Pursuit,Great Britain
Women's Madison,"Hong Kong, China"
Men's Madison,Ireland
Women's Madison,Ireland
Men's Madison,Italy
Men's Team Pursuit,Italy
Women's Madison,Italy
Women's Team Pursuit,Italy
Women's Madison,Japan
Women's Team Sprint,Lithuania
Women's Team Sprint,Mexico
Men's Madison,Netherlands
Men's Team Sprint,Netherlands
Women's Madison,Netherlands
Women's Team Sprint,Netherlands
Men's Madison,New Zealand
Men's Team Pursuit,New Zealand
Men's Team Sprint,New Zealand
Women's Madison,New Zealand
Women's Team Pursuit,New Zealand
Men's Madison,Poland
Men's Team Sprint,Poland
Women's Madison,Poland
Women's Team Sprint,Poland
Men's Team Sprint,ROC
Women's Madison,ROC
Women's Team Sprint,ROC
Men's Madison,Spain
Men's Madison,Switzerland
Men's Team Pursuit,Switzerland
Women's Team Sprint,Ukraine
Men's Madison,United States of America
Women's Madison,United States of America
Women's Team Pursuit,United States of America
Men's Foil Team,Canada
Women's Foil Team,Canada
Men's Épée Team,People's Republic of China
Women's Épée Team,People's Republic of China
Women's Sabre Team,People's Republic of China
Men's Foil Team,Egypt
Men's Sabre Team,Egypt
Women's Foil Team,Egypt
Women's Épée Team,Estonia
Men's Épée Team,France
Men's Foil Team,France
Women's Foil Team,France
Women's Sabre Team,France
Men's Foil Team,Germany
Men's Sabre Team,Germany
Men's Foil Team,"Hong Kong, China"
Women's Épée Team,"Hong Kong, China"
Men's Sabre Team,Hungary
Women's Foil Team,Hungary
Women's Sabre Team,Hungary
Men's Sabre Team,Islamic Republic of Iran
Men's Épée Team,Italy
Men's Foil Team,Italy
Men's Sabre Team,Italy
Women's Épée Team,Italy
Women's Foil Team,Italy
Women's Sabre Team,Italy
Men's Épée Team,Japan
Men's Foil Team,Japan
Men's Sabre Team,Japan
Women's Foil Team,Japan
Women's Sabre Team,Japan
Women's Épée Team,Poland
Men's Épée Team,Republic of Korea
Men's Sabre Team,Republic of Korea
Women's Épée Team,Republic of Korea
Women's Sabre Team,Republic of Korea
Men's Épée Team,ROC
Men's Foil Team,ROC
Men's Sabre Team,ROC
Women's Épée Team,ROC
Women's Foil Team,ROC
Women's Sabre Team,ROC
Men's Épée Team,Switzerland
Women's Sabre Team,Tunisia
Men's Épée Team,Ukraine
Men's Épée Team,United States of America
Men's Foil Team,United States of America
Men's Sabre Team,United States of America
Women's Épée Team,United States of America
Women's Foil Team,United States of America
Women's Sabre Team,United States of America
Men,Argentina
Men,Australia
Women,Australia
Men,Brazil
Women,Brazil
Women,Canada
Women,Chile
Women,People's Republic of China
Men,Côte d'Ivoire
Men,Egypt
Men,France
Men,Germany
Women,Great Britain
Men,Honduras
Men,Japan
Women,Japan
Men,Mexico
Women,Netherlands
Men,New Zealand
Women,New Zealand
Men,Republic of Korea
Men,Romania
Men,Saudi Arabia
Men,South Africa
Men,Spain
Women,Sweden
Women,United States of America
Women,Zambia
Women,Angola
Men,Argentina
Men,Bahrain
Men,Brazil
Women,Brazil
Men,Denmark
Men,Egypt
Men,France
Women,France
Men,Germany
Women,Hungary
Men,Japan
Women,Japan
Women,Montenegro
Women,Netherlands
Men,Norway
Women,Norway
Men,Portugal
Women,Republic of Korea
Women,ROC
Men,Spain
Women,Spain
Men,Sweden
Women,Sweden
Men,Argentina
Women,Argentina
Men,Australia
Women,Australia
Men,Belgium
Men,Canada
Women,People's Republic of China
Men,Germany
Women,Germany
Men,Great Britain
Women,Great Britain
Men,India
Women,India
Women,Ireland
Men,Japan
Women,Japan
Men,Netherlands
Women,Netherlands
Men,New Zealand
Women,New Zealand
Men,South Africa
Women,South Africa
Men,Spain
Women,Spain
Group All-Around,Australia
Group All-Around,Azerbaijan
Group All-Around,Belarus
Group All-Around,Brazil
Group All-Around,Bulgaria
Group All-Around,People's Republic of China
Group All-Around,Egypt
Group All-Around,Israel
Group All-Around,Italy
Group All-Around,Japan
Group All-Around,ROC
Group All-Around,Ukraine
Group All-Around,United States of America
Group All-Around,Uzbekistan
Men,Argentina
Men,Australia
Women,Australia
Women,Brazil
Men,Canada
Women,Canada
Women,People's Republic of China
Men,Fiji
Women,Fiji
Women,France
Men,Great Britain
Women,Great Britain
Men,Ireland
Men,Japan
Women,Japan
Men,Kenya
Women,Kenya
Men,New Zealand
Women,New Zealand
Men,Republic of Korea
Women,ROC
Men,South Africa
Men,United States of America
Women,United States of America
Men's 4 x 100m Freestyle Relay,Australia
Men's 4 x 100m Medley Relay,Australia
Men's 4 x 200m Freestyle Relay,Australia
Mixed 4 x 100m Medley Relay,Australia
Women's 4 x 100m Freestyle Relay,Australia
Women's 4 x 100m Medley Relay,Australia
Women's 4 x 200m Freestyle Relay,Australia
Men's 4 x 100m Medley Relay,Belarus
Mixed 4 x 100m Medley Relay,Belarus
Women's 4 x 100m Medley Relay,Belarus
Men's 4 x 100m Freestyle Relay,Brazil
Men's 4 x 100m Medley Relay,Brazil
Men's 4 x 200m Freestyle Relay,Brazil
Mixed 4 x 100m Medley Relay,Brazil
Women's 4 x 100m Freestyle Relay,Brazil
Women's 4 x 200m Freestyle Relay,Brazil
Men's 4 x 100m Freestyle Relay,Canada
Men's 4 x 100m Medley Relay,Canada
Mixed 4 x 100m Medley Relay,Canada
Women's 4 x 100m Freestyle Relay,Canada
Women's 4 x 100m Medley Relay,Canada
Women's 4 x 200m Freestyle Relay,Canada
Men's 4 x 100m Medley Relay,People's Republic of China
Men's 4 x 200m Freestyle Relay,People's Republic of China
Mixed 4 x 100m Medley Relay,People's Republic of China
Women's 4 x 100m Freestyle Relay,People's Republic of China
Women's 4 x 100m Medley Relay,People's Republic of China
Women's 4 x 200m Freestyle Relay,People's Republic of China
Women's 4 x 100m Freestyle Relay,Czech Republic
Women's 4 x 100m Freestyle Relay,Denmark
Women's 4 x 100m Medley Relay,Denmark
Men's 4 x 100m Freestyle Relay,France
Men's 4 x 100m Medley Relay,France
Men's 4 x 200m Freestyle Relay,France
Women's 4 x 100m Freestyle Relay,France
Women's 4 x 200m Freestyle Relay,France
Men's 4 x 100m Freestyle Relay,Germany
Men's 4 x 100m Medley Relay,Germany
Men's 4 x 200m Freestyle Relay,Germany
Mixed 4 x 100m Medley Relay,Germany
Women's 4 x 100m Freestyle Relay,Germany
Women's 4 x 100m Medley Relay,Germany
Women's 4 x 200m Freestyle Relay,Germany
Men's 4 x 100m Freestyle Relay,Great Britain
Men's 4 x 100m Medley Relay,Great Britain
Men's 4 x 200m Freestyle Relay,Great Britain
Mixed 4 x 100m Medley Relay,Great Britain
Women's 4 x 100m Freestyle Relay,Great Britain
Women's 4 x 100m Medley Relay,Great Britain
Men's 4 x 100m Freestyle Relay,Greece
Men's 4 x 100m Medley Relay,Greece
Mixed 4 x 100m Medley Relay,Greece
Women's 4 x 100m Freestyle Relay,"Hong Kong, China"
Women's 4 x 100m Medley Relay,"Hong Kong, China"
Women's 4 x 200m Freestyle Relay,"Hong Kong, China"
Men's 4 x 100m Freestyle Relay,Hungary
Men's 4 x 100m Medley Relay,Hungary
Men's 4 x 200m Freestyle Relay,Hungary
Mixed 4 x 100m Medley Relay,Hungary
Women's 4 x 200m Freestyle Relay,Hungary
Men's 4 x 200m Freestyle Relay,Ireland
Men's 4 x 200m Freestyle Relay,Israel
Mixed 4 x 100m Medley Relay,Israel
Men's 4 x 100m Freestyle Relay,Italy
Men's 4 x 100m Medley Relay,Italy
Men's 4 x 200m Freestyle Relay,Italy
Mixed 4 x 100m Medley Relay,Italy
Women's 4 x 100m Medley Relay,Italy
Women's 4 x 200m Freestyle Relay,Italy
Men's 4 x 100m Freestyle Relay,Japan
Men's 4 x 100m Medley Relay,Japan
Men's 4 x 200m Freestyle Relay,Japan
Mixed 4 x 100m Medley Relay,Japan
Women's 4 x 100m Freestyle Relay,Japan
Women's 4 x 100m Medley Relay,Japan
Women's 4 x 200m Freestyle Relay,Japan
Men's 4 x 100m Medley Relay,Lithuania
Men's 4 x 100m Freestyle Relay,Netherlands
Mixed 4 x 100m Medley Relay,Netherlands
Women's 4 x 100m Freestyle Relay,Netherlands
Women's 4 x 100m Medley Relay,Netherlands
Women's 4 x 200m Freestyle Relay,New Zealand
Men's 4 x 100m Freestyle Relay,Poland
Men's 4 x 100m Medley Relay,Poland
Men's 4 x 200m Freestyle Relay,Poland
Mixed 4 x 100m Medley Relay,Poland
Women's 4 x 100m Freestyle Relay,Poland
Women's 4 x 200m Freestyle Relay,Poland
Men's 4 x 200m Freestyle Relay,Republic of Korea
Women's 4 x 200m Freestyle Relay,Republic of Korea
Men's 4 x 100m Freestyle Relay,ROC
Men's 4 x 100m Medley Relay,ROC
Men's 4 x 200m Freestyle Relay,ROC
Mixed 4 x 100m Medley Relay,ROC
Women's 4 x 100m Freestyle Relay,ROC
Women's 4 x 100m Medley Relay,ROC
Women's 4 x 200m Freestyle Relay,ROC
Men's 4 x 100m Freestyle Relay,Serbia
Women's 4 x 100m Medley Relay,South Africa
Women's 4 x 200m Freestyle Relay,South Africa
Women's 4 x 100m Medley Relay,Spain
Women's 4 x 100m Freestyle Relay,Sweden
Women's 4 x 100m Medley Relay,Sweden
Men's 4 x 100m Freestyle Relay,Switzerland
Men's 4 x 200m Freestyle Relay,Switzerland
Women's 4 x 200m Freestyle Relay,Turkey
Men's 4 x 100m Freestyle Relay,United States of America
Men's 4 x 100m Medley Relay,United States of America
Men's 4 x 200m Freestyle Relay,United States of America
Mixed 4 x 100m Medley Relay,United States of America
Women's 4 x 100m Freestyle Relay,United States of America
Women's 4 x 100m Medley Relay,United States of America
Women's 4 x 200m Freestyle Relay,United States of America
Men's Team,Australia
Mixed Doubles,Australia
Women's Team,Australia
Mixed Doubles,Austria
Women's Team,Austria
Men's Team,Brazil
Women's Team,Brazil
Mixed Doubles,Canada
Men's Team,People's Republic of China
Mixed Doubles,People's Republic of China
Women's Team,People's Republic of China
Men's Team,Chinese Taipei
Mixed Doubles,Chinese Taipei
Women's Team,Chinese Taipei
Men's Team,Croatia
Mixed Doubles,Cuba
Men's Team,Egypt
Mixed Doubles,Egypt
Women's Team,Egypt
Men's Team,France
Mixed Doubles,France
Women's Team,France
Men's Team,Germany
Mixed Doubles,Germany
Women's Team,Germany
Men's Team,"Hong Kong, China"
Mixed Doubles,"Hong Kong, China"
Women's Team,"Hong Kong, China"
Mixed Doubles,Hungary
Women's Team,Hungary
Mixed Doubles,India
Men's Team,Japan
Mixed Doubles,Japan
Women's Team,Japan
Women's Team,Poland
Men's Team,Portugal
Men's Team,Republic of Korea
Mixed Doubles,Republic of Korea
Women's Team,Republic of Korea
Mixed Doubles,Romania
Women's Team,Romania
Men's Team,Serbia
Women's Team,Singapore
Mixed Doubles,Slovakia
Men's Team,Slovenia
Men's Team,Sweden
Men's Team,United States of America
Women's Team,United States of America
Mixed Relay,Australia
Mixed Relay,Austria
Mixed Relay,Belgium
Mixed Relay,Canada
Mixed Relay,France
Mixed Relay,Germany
Mixed Relay,Great Britain
Mixed Relay,Hungary
Mixed Relay,Italy
Mixed Relay,Japan
Mixed Relay,Mexico
Mixed Relay,Netherlands
Mixed Relay,New Zealand
Mixed Relay,ROC
Mixed Relay,South Africa
Mixed Relay,Spain
Mixed Relay,Switzerland
Mixed Relay,United States of America
Men,Argentina
Women,Argentina
Men,Brazil
Women,Brazil
Men,Canada
Women,People's Republic of China
Women,Dominican Republic
Men,France
Men,Islamic Republic of Iran
Men,Italy
Women,Italy
Men,Japan
Women,Japan
Women,Kenya
Men,Poland
Women,Republic of Korea
Men,ROC
Women,ROC
Women,Serbia
Men,Tunisia
Women,Turkey
Men,United States of America
Women,United States of America
Men,Venezuela
Men,Australia
Women,Australia
Women,Canada
Women,People's Republic of China
Men,Croatia
Men,Greece
Men,Hungary
Women,Hungary
Men,Italy
Men,Japan
Women,Japan
Men,Kazakhstan
Men,Montenegro
Women,Netherlands
Women,ROC
Men,Serbia
Men,South Africa
Women,South Africa
Men,Spain
Women,Spain
Men,United States of America
Women,United States of America
